job_title,company_name,location,start_date,ctc,experience,posted
Business Development Associate,Break The Code,Mumbai,Starts Immediately,"₹ 2,00,000 - 3,00,000",0-1 years,3 days ago
IELTS/PTE/Spoken English Trainer,DePioneer Education Overseas,Delhi,Starts Immediately,"₹ 3,00,000 - 3,50,000",0-2 years,1 week ago
Fashion Designer,Valkyre Clothing,Mumbai,Starts Immediately,"₹ 3,00,000 - 3,50,000",0-2 years,"3 days ago


Be an early applicant"
Corporate Sales Executive,Kompass India Information Private Limited,Mumbai,Starts Immediately,"₹ 2,00,000 - 4,00,000",0-5 years,3 weeks ago
Junior Python Developer,Extension Technologies Private Limited,Faridabad,Starts Immediately,"₹ 2,40,000 - 3,60,000",0-2 years,2 weeks ago
Social Media Manager,Brilliance Academy,Work from home,Starts Immediately,"₹ 2,40,000 - 3,00,000",0-2 years,1 week ago
Video Editor & Graphic Designer,Brilliance Academy,Work from home,Starts Immediately,"₹ 2,40,000 - 3,00,000",0-2 years,1 week ago
Business Development Executive,Physics Wallah,Kozhikode,Starts Immediately,"₹ 2,00,000 - 2,50,000",0-1 years,"1 day ago


Be an early applicant"
Sales Associate,PolicyBazaar.com,Gurgaon,Starts Immediately,"₹ 2,52,000 - 4,00,000",0-4 years,4 days ago
Domain Specialist Company Secretary,ClearTax,Bangalore,Starts Immediately,"₹ 7,00,000 - 10,00,000",0-2 years,2 days ago
Senior Tax Expert- Semi CA,ClearTax,Delhi,Starts Immediately,"₹ 5,00,000 - 8,00,000",1-3 years,2 days ago
Customer Success Manager,ClearTax,Bangalore,Starts Immediately,"₹ 4,00,000 - 7,00,000",0-5 years,2 days ago
Inside Sales Manager,ClearTax,Bangalore,Starts Immediately,"₹ 3,00,000 - 5,00,000",1-5 years,2 days ago
Data Analyst,Media.net,Mumbai,Starts Immediately,"₹ 4,00,000 - 5,00,000",1 year,6 days ago
Copywriter/Creative Strategist,Hansa Cequity,Mumbai,Starts Immediately,"₹ 2,00,000 - 5,00,000",1-5 years,1 week ago
HTML Developer,Hansa Cequity,Mumbai,Starts Immediately,"₹ 2,00,000 - 3,50,000",1-3 years,1 week ago
Trainee Business Associate,Porter,Nashik,Starts Immediately,"₹ 2,75,000",0-2 years,3 weeks ago
Associate Product Manager,Cardekho.com,Jaipur,Starts Immediately,"₹ 5,00,000 - 7,00,000",0-5 years,Few hours ago
Finance Teacher,BrightChamps Tech Private Limited,Work from home,Starts Immediately,"₹ 3,00,000",0-2 years,Few hours ago
Inside Sales Executive,NoBroker Technologies Solutions Private Limited,Bangalore,Starts Immediately,"₹ 2,10,000 - 2,17,995",0-2 years,Few hours ago
Corporate Sales Executive,Godrej Properties Limited,Pune,Starts Immediately,"₹ 5,00,000 - 10,00,000",0-5 years,Few hours ago
Content Writer,College Dunia,Work from home,Starts Immediately,"₹ 2,00,000 - 3,00,000",0-2 years,Today
Junior Operations Associate,Frontier,Work from home,Starts Immediately,"₹ 2,00,000 - 3,60,000",0-2 years,1 day ago
Business Development Trainee,Kalvium,Bangalore,Starts Immediately,"₹ 5,00,000",0-5 years,1 day ago
US IT Recruiter,Spectraforce Technologies,Mohali,Starts Immediately,"₹ 3,00,000 - 4,00,000",0-2 years,2 days ago
Business Development Associate,Urban Company,Delhi,Starts Immediately,"₹ 2,50,000 - 3,00,000",0-2 years,2 days ago
Business Development Associate,Urban Company,Bangalore,Starts Immediately,"₹ 2,00,000 - 3,00,000",0-2 years,2 days ago
Program Manager,Kalvium,Bangalore,Starts Immediately,"₹ 7,00,000",0-5 years,3 days ago
Business Development Executive,Apollo Home Healthcare Limited,Delhi,Starts Immediately,"₹ 2,50,000 - 4,75,000",0-2 years,3 days ago
Product Support Executive-Technology,InCred Financial Services Limited,Mumbai,Starts Immediately,"₹ 3,20,000 - 3,20,001",0-2 years,3 days ago
Scheduling Executive,Viacom 18 Media Private Limited,Bangalore,Starts Immediately,"₹ 4,00,000 - 5,00,000",0-5 years,3 days ago
Inside Sales Executive,NoBroker Technologies Solutions Private Limited,Bangalore,Starts Immediately,"₹ 2,20,000 - 2,60,000",0-2 years,3 days ago
Business Development Associate,BYJUS The Learning App,Chandigarh,Starts Immediately,"₹ 2,10,000 - 3,20,000",0-2 years,3 days ago
Academic Counselor,CollegeDekho.com,Gurgaon,Starts Immediately,"₹ 2,60,000 - 4,00,000",0-2 years,3 days ago
Business Development Associate,CollegeDekho.com,Gurgaon,Starts Immediately,"₹ 2,40,000 - 5,50,000",0-5 years,3 days ago
Associate Center Manager,Cultfit Healthcare Private Limited,Mumbai,Starts Immediately,"₹ 2,00,000 - 3,00,000",0-2 years,3 days ago
Business Development Associate,BYJUs,Keralassery,Starts Immediately,"₹ 7,00,000 - 8,00,000",0-5 years,3 days ago
Customer Success Associate,Vertex Cosmos,Jaipur,Starts Immediately,"₹ 3,00,000 - 3,40,000",0-2 years,3 days ago
Academic Counsellor,CollegeDekho.com,Gurgaon,Starts Immediately,"₹ 2,80,000 - 4,50,000",0-2 years,4 days ago
Business Development Associate,Netscribes (India) Private Limited,Mumbai,Starts Immediately,"₹ 2,40,000 - 3,00,000",0-2 years,4 days ago
Human Resources (HR) Associate,SBI Funds Management Limited,Mumbai,Starts Immediately,"₹ 2,00,000 - 2,50,000",0-2 years,4 days ago
Home Consultant,Pepperfry,Mumbai,Starts Immediately,"₹ 2,50,000 - 3,50,000",0-2 years,4 days ago
Business Development Associate,BYJU'S The Learning App,Gujarat,Starts Immediately,"₹ 7,00,000 - 8,00,000",0-5 years,4 days ago
RETAIL PARTNER (TEAM LEADER),Bajaj Allianz Life Insurance Company Limited,Work from home,Starts Immediately,"₹ 2,00,000 - 3,00,000",0-2 years,4 days ago
Field Sales Executive,NoBroker Technologies Solutions Private Limited,Mumbai,Starts Immediately,"₹ 3,00,000 - 5,00,000",0-5 years,5 days ago
HR Executive,Mynd Solutions Private Limited,Noida,Starts Immediately,"₹ 2,50,000 - 3,00,000",0-2 years,5 days ago
Relationship Manager,HiyaMee Private Limited,Mumbai,Starts Immediately,"₹ 3,75,000 - 4,00,000",0-2 years,5 days ago
Business Development Associate,BYJUs,Udaipur,Starts Immediately,"₹ 7,50,000 - 8,50,000",0-5 years,5 days ago
Junior Engineer,Enphase Solar Energy,Delhi,Starts Immediately,"₹ 4,00,000",0-2 years,6 days ago
Executive - Product Support,Directi,Bangalore,Starts Immediately,"₹ 5,00,000",0-5 years,6 days ago
Omni Sport Leader (Women),Decathlon,Bangalore,Starts Immediately,"₹ 2,88,000 - 3,24,000",0-2 years,6 days ago
PRS Analyst,Viacom 18 Media Private Limited,Mumbai,Starts Immediately,"₹ 2,50,000 - 3,50,000",0-2 years,6 days ago
3D Generalist,Studio Image Works,Gurgaon,Starts Immediately,"₹ 3,00,000 - 5,00,000",1 year,3 weeks ago
Associate Accountant,Team Management Services,Thane,Starts Immediately,"₹ 2,00,000 - 3,50,000",0-2 years,6 days ago
Business Development Associate,Kalvium,Bangalore,Starts Immediately,"₹ 4,00,000 - 5,00,000",0-5 years,1 week ago
Business Development Associate,Leverage Edu,Noida,Starts Immediately,"₹ 6,60,000 - 7,00,000",0-5 years,1 week ago
Data Analyst Consultant,Educate Girls,Work from home,Starts Immediately,"₹ 4,00,000 - 8,00,000",0-5 years,1 week ago
US IT Recruiter,Spectraforce Technologies,Mohali,Starts Immediately,"₹ 3,00,000 - 3,60,000",0-2 years,1 week ago
Human Resources (HR) Executive,Hear.com,Gurgaon,Starts Immediately,"₹ 2,00,000 - 3,00,000",0-2 years,1 week ago
Business Development Associate,Urban Company,Bangalore,Starts Immediately,"₹ 2,00,000 - 2,50,000",0-2 years,1 week ago
Business Development Manager,MyGate,Gurgaon,Starts Immediately,"₹ 4,00,000 - 6,00,000",0-5 years,1 week ago
Accounts Executive - Taxation,AQM Technologies,Mumbai,Starts Immediately,"₹ 2,00,000 - 3,00,000",0-2 years,1 week ago
Business Development Associate,BYJUs,Bangalore,Starts Immediately,"₹ 4,00,000 - 5,00,000",0-5 years,1 week ago
Feild Sales Officer,Paytm,Mumbai,Starts Immediately,"₹ 2,00,000 - 3,00,000",0-2 years,1 week ago
Sales Recruitment,GBH Auto Mechanics & Services LLP,Work from home,Starts Immediately,"₹ 2,00,000 - 5,00,000",0-5 years,1 week ago
Business Development Executive,Plada Infotech Services Limited,Noida,Starts Immediately,"₹ 2,00,000 - 4,00,000",0-2 years,1 week ago
Sales Manager,Bajaj Allianz Life Insurance Company Limited,Work from home,Starts Immediately,"₹ 2,00,000 - 3,00,000",0-2 years,1 week ago
Business Development Associate,BYJU'S The Learning App,Delhi,Starts Immediately,"₹ 4,50,000 - 5,50,000",0-5 years,1 week ago
Business Operations Analyst,Media.net,Mumbai,Starts Immediately,"₹ 3,00,000",0-2 years,1 week ago
Corporate Sales Executive,PolicyBazaar.com,Gurgaon,Starts Immediately,"₹ 2,00,000 - 3,00,000",0-2 years,1 week ago
Field Sales Executive/Counselor/Relationship Executive,Lifecell International Private Limited,Delhi,Starts Immediately,"₹ 2,50,000 - 3,00,000",0-2 years,1 week ago
Interior Designer,NoBroker Technologies Solutions Private Limited,Mumbai,Starts Immediately,"₹ 3,09,600 - 3,81,600",0-2 years,1 week ago
Sales Executive,NoBroker Technologies Solutions Private Limited,Bangalore,Starts Immediately,"₹ 4,10,000 - 4,20,000",0-2 years,1 week ago
Omni Sport Leader,Decathlon,Chinchwad,Starts Immediately,"₹ 2,80,000 - 3,00,000",0-2 years,1 week ago
Interior Designer,NoBroker Technologies Solutions Private Limited,Gurgaon,Starts Immediately,"₹ 2,00,000 - 3,80,000",0-2 years,1 week ago
Telecaller,People Interactive Private Limited (Shaadi.com),Chennai,Starts Immediately,"₹ 2,00,000 - 2,75,000",0-2 years,1 week ago
Zonal Assistant Manager- Logistics,FirstCry.com,Work from home,Starts Immediately,"₹ 3,60,000 - 4,00,000",0-2 years,1 week ago
Executive - Catalogue Music,Saregama India Limited,Mumbai,Starts Immediately,"₹ 3,50,000 - 4,00,000",0-2 years,1 week ago
Inside Sales Specialist,Infinity Learn,Noida,Starts Immediately,"₹ 4,00,000 - 5,00,000",0-5 years,1 week ago
Jr. Graphic Designer,LimeRoad,Gurgaon,Starts Immediately,"₹ 3,00,000 - 4,00,000",0-2 years,1 week ago
Customer Success Associate,Media.net,Bangalore,Starts Immediately,"₹ 4,00,000 - 4,50,000",0-2 years,1 week ago
Associate Accountant,RAK Ceramics,Samalkota,Starts Immediately,"₹ 2,50,000 - 4,00,000",0-2 years,1 week ago
Junior Recruiter,IMS Group,Ahmedabad,Starts Immediately,"₹ 2,46,000 - 3,00,000",0-2 years,1 week ago
Tele Associate | Free Listed Seller Content Enrichment,IndiaMART InterMESH Limited,Work from home,Starts Immediately,"₹ 2,00,000 - 2,25,000",0-2 years,1 week ago
Junior Lawyer,DR LAW,Delhi,Starts Immediately,"₹ 2,00,000",0-2 years,1 week ago
Security Team Leader/Team Member,Taj Hotels,Chennai,Starts Immediately,"₹ 3,00,000 - 5,00,000",0-5 years,1 week ago
Business Development Associate - Sales,Planet Spark,Gurgaon,Starts Immediately,"₹ 3,50,000 - 6,50,000",0-5 years,1 week ago
Dy.manager - Sales,Ion Exchange India Limited,Hyderabad,Starts Immediately,"₹ 3,00,000 - 10,00,000",0-5 years,1 week ago
Telecaller,Globiva,Gurgaon,Starts Immediately,"₹ 2,00,000 - 4,00,000",0-2 years,1 week ago
Information Support Trainee,SISL Infotech Private Limited,Mumbai,Starts Immediately,"₹ 2,00,000 - 2,20,000",0-2 years,1 week ago
Sales Team Leader,GBH Auto Mechanics And Services LLP,Kolkata,Starts Immediately,"₹ 4,60,000 - 7,44,000",0-5 years,1 week ago
Curriculum Designer,Ampersand Group,Mumbai,Starts Immediately,"₹ 3,00,000 - 6,00,000",0-5 years,1 week ago
Finance Trainee,McDonald's,Delhi,Starts Immediately,"₹ 2,00,000 - 2,20,000",0-2 years,1 week ago
Business Development Associate,BYJU'S The Learning App,Kolkata,Starts Immediately,"₹ 4,00,000 - 7,00,000",0-5 years,1 week ago
Inside Sales Associate,Leverage Edu,Noida,Starts Immediately,"₹ 6,60,000 - 7,00,000",0-5 years,1 week ago
HR Recruiter,AQM Technologies,Mumbai,Starts Immediately,"₹ 2,00,000 - 5,00,000",0-5 years,1 week ago
Academic Content Writer,Zucol Group Of Companies,Indore,Starts Immediately,"₹ 2,00,000 - 2,50,000",0-2 years,1 week ago
Business Development Executive,Plada Infotech Services Limited,Noida,Starts Immediately,"₹ 2,00,000 - 4,00,000",0-2 years,1 week ago
Omni Sport Leader,Decathlon Sports India Private Limited,Bangalore,Starts Immediately,"₹ 2,00,000 - 2,10,000",0-2 years,2 weeks ago
Business Development Associate,Urban Company,Hyderabad,Starts Immediately,"₹ 2,00,000 - 3,00,000",0-2 years,2 weeks ago
Academic Counselor,Infinity Learn,Bangalore,Starts Immediately,"₹ 4,00,000 - 5,00,000",0-5 years,2 weeks ago
Junior Digital Marketing Executive,SysTools Software Private Limited,Delhi,Starts Immediately,"₹ 2,00,000 - 3,50,000",0-2 years,2 weeks ago
Business Development Associate,BYJU'S The Learning App,Bangalore,Starts Immediately,"₹ 2,10,000 - 8,50,000",0-5 years,2 weeks ago
Business Analyst,FirstCry.com,Dehradun,Starts Immediately,"₹ 3,50,000 - 4,00,000",0-2 years,2 weeks ago
Team Lead Finance,Apidel Technologies,Vadodara,Starts Immediately,"₹ 5,00,000 - 6,00,000",0-5 years,2 weeks ago
Junior Talent Acquisition Executive,Lodha Group,Mumbai,Starts Immediately,"₹ 2,50,000 - 3,00,000",0-2 years,2 weeks ago
Business Development Associate,BYJU'S The Learning App,Noida,Starts Immediately,"₹ 6,00,000 - 7,00,000",0-5 years,2 weeks ago
Sales Executive,NoBroker Technologies Solutions Private Limited,Bangalore,Starts Immediately,"₹ 2,10,000",0-2 years,2 weeks ago
Content Writer,Leverage Edu,Noida,Starts Immediately,"₹ 3,00,000 - 4,80,000",0-2 years,2 weeks ago
Business Development Counselor,Planet Spark,Gurgaon,Starts Immediately,"₹ 2,00,000 - 6,50,000",0-5 years,2 weeks ago
Business Development Associate,Planet Spark,Gurgaon,Starts Immediately,"₹ 6,00,000 - 7,00,000",0-5 years,2 weeks ago
Omni Sport Leader,Decathlon,Pune,Starts Immediately,"₹ 2,40,000 - 2,80,000",0-2 years,2 weeks ago
Sap Executive,Gravita India Limited,Jaipur,Starts Immediately,"₹ 2,00,000 - 2,50,000",0-2 years,2 weeks ago
Customer Success Consultant,PeopleStrong,Gurgaon,Starts Immediately,"₹ 4,00,000 - 5,00,000",0-5 years,2 weeks ago
Telecaller,Nirvasa,Gurgaon,Starts Immediately,"₹ 2,00,000 - 2,10,000",0-2 years,2 weeks ago
Talent Acquisition Executive,FirstCry,Dehradun,Starts Immediately,"₹ 2,50,000 - 3,00,000",0-2 years,2 weeks ago
Business Development Executive,Planet Spark,Gurgaon,Starts Immediately,"₹ 5,00,000 - 7,00,000",0-5 years,2 weeks ago
Business Development Executive,Lifecell International Private Limited,Delhi,Starts Immediately,"₹ 3,00,000 - 4,00,000",0-2 years,2 weeks ago
Sales Team Leader,GBH Auto Mechanics & Services LLP,Work from home,Starts Immediately,"₹ 2,80,000 - 3,00,000",0-2 years,2 weeks ago
Field Sales Executive,Lindstrom Services India,Faridabad,Starts Immediately,"₹ 3,00,000 - 4,50,000",0-2 years,2 weeks ago
Assistant Sales Manager,PropertyPistol Realty Private Limited,Navi Mumbai,Starts Immediately,"₹ 2,00,000 - 3,00,000",0-2 years,2 weeks ago
Omni Sport Leader (Sales Manager),Decathlon,Thane,Starts Immediately,"₹ 4,40,000 - 5,50,000",0-5 years,2 weeks ago
Customer Care Executive,IDP,Surat,Starts Immediately,"₹ 3,00,000 - 3,40,000",0-2 years,2 weeks ago
Business Development Associate,Leverage Edu,Noida,Starts Immediately,"₹ 6,60,000 - 7,00,000",0-5 years,2 weeks ago
Content Marketer,KocharTech,Gurgaon,Starts Immediately,"₹ 3,00,000 - 5,00,000",0-5 years,2 weeks ago
Senior Executive,Mahindra Home Finance,Thoothukudi,Starts Immediately,"₹ 3,00,000 - 3,50,000",0-2 years,2 weeks ago
Performance Marketing,Worldwide Media (Times Group),Work from home,Starts Immediately,"₹ 4,00,000 - 5,00,000",0-5 years,2 weeks ago
Branch Credit Officer,Mahindra Home Finance,Paramakudi,Starts Immediately,"₹ 3,00,000 - 3,50,000",0-2 years,2 weeks ago
Sports Manager,Decathlon Sport India Private Limited,Mumbai,Starts Immediately,"₹ 3,50,000 - 4,00,000",0-2 years,2 weeks ago
Sales Executive,Cultfit Healthcare Private Limited,Mumbai,Starts Immediately,"₹ 2,20,000 - 3,00,000",0-2 years,2 weeks ago
Store Staff,Pepperfry,Gurgaon,Starts Immediately,"₹ 2,00,000 - 2,20,000",0-2 years,2 weeks ago
Corporate Sales Executive,Pepperfry,Bangalore,Starts Immediately,"₹ 2,40,000 - 3,50,000",0-2 years,2 weeks ago
Business Development Trainee,Planet Spark,Gurgaon,Starts Immediately,"₹ 4,00,000 - 7,00,000",0-5 years,2 weeks ago
Business Development Associate,BYJU'S The Learning App,Haridwar,Starts Immediately,"₹ 4,50,000 - 8,50,000",0-5 years,3 weeks ago
Omni Sport Leader,Decathlon Sport India Private Limited,Gurgaon,Starts Immediately,"₹ 3,36,000 - 3,60,000",0-2 years,3 weeks ago
Cloud Engineer Trainee,Redington India Limited,Chennai,Starts Immediately,"₹ 4,50,000 - 5,00,000",0-5 years,3 weeks ago
Music Tracker,Saregama India Limited,Chennai,Starts Immediately,"₹ 2,00,000 - 2,16,000",0-2 years,3 weeks ago
Business Development Executive,Plada Infotech Services Limited,Bangalore,Starts Immediately,"₹ 2,20,000 - 4,20,000",0-2 years,3 weeks ago
HR Analyst,Mazars LLP,Gurgaon,Starts Immediately,"₹ 2,00,000 - 4,00,000",0-2 years,3 weeks ago
Business Development Associate,Planet Spark,Gurgaon,Starts Immediately,"₹ 3,00,000 - 7,00,000",0-5 years,3 weeks ago
US Olympics Junior Writer,Sportskeeda,Work from home,Starts Immediately,"₹ 2,00,000",0-2 years,3 weeks ago
Non IT Recruiter,Spinny - Valuedrive Technologies Private Limited,Gurgaon,Starts Immediately,"₹ 2,00,000 - 2,80,000",0-2 years,3 weeks ago
Corporate Sales Executive,NoBroker Technologies Solutions Private Limited,"Hubli, Bangalore",Starts Immediately,"₹ 2,20,000 - 3,00,000",0-2 years,3 weeks ago
Business Development Associate,Planet Spark,Gurgaon,Starts Immediately,"₹ 5,00,000 - 7,00,000",0-5 years,3 weeks ago
Assistant Manager Sales,Planet Spark,Gurgaon,Starts Immediately,"₹ 9,00,000 - 10,00,000",0-5 years,3 weeks ago
Audit Associate,Writer Safeguard Private Limited,Jaipur,Starts Immediately,"₹ 2,00,000 - 2,50,000",0-2 years,3 weeks ago
Apprentice - HR,Zydus Lifescience,Ahmedabad,Starts Immediately,"₹ 2,40,000",0-2 years,3 weeks ago
Corporate Sales Executive,NIIT Foundation,Delhi,Starts Immediately,"₹ 3,00,000 - 3,60,000",0-2 years,3 weeks ago
Business Development Executive,BYJU'S The Learning App,Mumbai,Starts Immediately,"₹ 2,00,000 - 2,70,000",0-2 years,3 weeks ago
Recruiter,ASMACS Skill Development Limited,Mira Bhayandar,Starts Immediately,"₹ 2,00,000",0-2 years,3 weeks ago
Field Sales Associate,PolicyBazaar.com,Gurgaon,Starts Immediately,"₹ 2,50,000 - 4,00,000",0-2 years,3 weeks ago
Content Marketing Executive,Bridging GAPS,Mohali,Starts Immediately,"₹ 4,00,000 - 4,50,000",0-2 years,3 weeks ago
Business Development Manager,Planet Spark,Gurgaon,Starts Immediately,"₹ 3,00,000 - 7,00,000",0-5 years,3 weeks ago
Trainee - SCM,Raj Petro Specialities Private Limited,Manali,Starts Immediately,"₹ 2,00,000 - 2,80,000",0-2 years,3 weeks ago
Admission Support Officer,Aakash Educational Services Limited,Delhi,Starts Immediately,"₹ 3,00,000 - 4,50,000",0-2 years,3 weeks ago
Business Development (Sales) Executive,Planet Spark,Gurgaon,Starts Immediately,"₹ 3,00,000 - 7,00,000",0-5 years,3 weeks ago
Customer Support Associate,PolicyBazaar.com,Mumbai,Starts Immediately,"₹ 2,00,000 - 2,10,000",0-2 years,3 weeks ago
Business Development Associate,Bhanzu (Formerly Exploring Infinities),Bangalore,Starts Immediately,"₹ 2,00,000 - 3,00,000",0-2 years,3 weeks ago
UK Healthcare Recruiter,IMS Group,Ahmedabad,Starts Immediately,"₹ 2,50,000 - 3,50,000",0-2 years,3 weeks ago
Creative Designer,Hello Parent,Work from home,Starts Immediately,"₹ 2,00,000 - 3,00,000",0-2 years,3 weeks ago
Business Development Executive,BYJU'S The Learning App,Gujarat,Starts Immediately,"₹ 2,10,000 - 2,70,000",0-2 years,3 weeks ago
Business Development Executive,GBH Auto Mechanics & Services LLP,Kolkata,Starts Immediately,"₹ 3,00,000",0-2 years,3 weeks ago
Business Development Associate,GBH Auto Mechanics And Services LLP,Work from home,Starts Immediately,"₹ 5,00,000 - 12,00,000",0-5 years,3 weeks ago
Business Development Executive,GBH Auto Mechanics & Services LLP,Work from home,Starts Immediately,"₹ 4,80,000 - 6,00,000",0-5 years,3 weeks ago
Business Development Manager,Decathlon Sport India Private Limited,Mumbai,Starts Immediately,"₹ 3,00,000 - 3,36,000",0-2 years,3 weeks ago
Billing & Collections Analyst (Accountant),Enfusion,Mumbai,Starts Immediately,"₹ 3,00,000 - 4,00,000",0-2 years,3 weeks ago
Business Development Specialist,Planet Spark,Gurgaon,Starts Immediately,"₹ 3,00,000 - 7,00,000",0-5 years,3 weeks ago
Animator,Saregama India Limited,Mumbai,Starts Immediately,"₹ 2,00,000 - 2,16,000",0-2 years,3 weeks ago
Facebook Marketing Executive,Saregama India Limited,Mumbai,Starts Immediately,"₹ 2,00,000 - 2,40,000",0-2 years,3 weeks ago
Team Leader,Bajaj Allianz Life Insurance,Kolkata,Starts Immediately,"₹ 2,00,000 - 3,00,000",0-2 years,3 weeks ago
Business Development Executive,NoBroker Technologies Solutions Private Limited,Bangalore,Starts Immediately,"₹ 2,50,000 - 4,80,000",0-2 years,3 weeks ago
SME: Physics,Straive,Work from home,Starts Immediately,"₹ 3,00,000",0-2 years,3 weeks ago
SME: Statistics,Straive,Work from home,Starts Immediately,"₹ 3,00,000",0-2 years,3 weeks ago
SME: Mathematics,Straive,Work from home,Starts Immediately,"₹ 3,00,000",0-2 years,3 weeks ago
SME: Chemistry,Straive,Work from home,Starts Immediately,"₹ 3,00,000",0-2 years,3 weeks ago
Senior Social Media Marketing Manager,Valkyre Clothing,Mumbai,Starts Immediately,"₹ 2,50,000 - 3,50,000",1-3 years,"Just now


Be an early applicant"
Graphic Designer,Marcamor Consulting,Hyderabad,Starts Immediately,"₹ 3,50,000 - 5,00,000",1-3 years,"Just now


Be an early applicant"
Academic Counselor - Inside Sales,DataTrained Education Private Limited,Noida,Starts Immediately,"₹ 2,50,000 - 5,00,000",0-2 years,"Just now


Be an early applicant"
Sales Executive,Gainers Realtors LLP,Gurgaon,Starts Immediately,"₹ 2,00,000 - 4,20,000",0-5 years,"Just now


Be an early applicant"
STEM Trainer,Robokidz Eduventures Private Limited,Pune,Starts Immediately,"₹ 2,40,000 - 3,00,000",0-2 years,"Just now


Be an early applicant"
Business Development (Sales) Associate,Bosscoder Academy,Work from home,Starts Immediately,"₹ 3,00,000 - 6,00,000",0-2 years,"Just now


Be an early applicant"
Mobile Application Developer - React Native,Guruji Astro,Jaipur,Starts Immediately,"₹ 5,00,000 - 8,00,000",3-5 years,"Few hours ago


Be an early applicant"
Senior Front End Developer,Guruji Astro,Jaipur,Starts Immediately,"₹ 5,00,000 - 8,00,000",3-5 years,"Few hours ago


Be an early applicant"
Customer Care Executive - Remote,IIDE Education Private Limited,Work from home,Starts Immediately,"₹ 3,00,000 - 5,00,000",1-5 years,Few hours ago
Digital Marketing Associate - Remote,IIDE Education Private Limited,Work from home,Starts Immediately,"₹ 4,00,000 - 6,00,000",1-4 years,Few hours ago
Performance Marketing Associate,IIDE Education Private Limited,Work from home,Starts Immediately,"₹ 5,00,000 - 7,00,000",2-4 years,"Few hours ago


Be an early applicant"
Junior Search Engine Optimization (SEO) Executive,Comit Solution,Work from home,Starts Immediately,"₹ 2,00,000 - 3,00,000",1-2 years,"Few hours ago


Be an early applicant"
Product Marketing Associate,IIDE Education Private Limited,Work from home,Starts Immediately,"₹ 4,00,000 - 6,00,000",1-4 years,"Few hours ago


Be an early applicant"
Paid Media Executive - Remote,IIDE Education Private Limited,Work from home,Starts Immediately,"₹ 5,00,000 - 6,00,000",1-4 years,"Few hours ago


Be an early applicant"
Content Strategist - Remote,IIDE Education Private Limited,Work from home,Starts Immediately,"₹ 3,00,000 - 5,00,000",1-4 years,"Few hours ago


Be an early applicant"
Associate Graphic Designer,IIDE Education Private Limited,Work from home,Starts Immediately,"₹ 3,00,000 - 5,00,000",1-3 years,Few hours ago
Junior Search Engine Optimization (SEO) Executive - Remote,IIDE Education Private Limited,Work from home,Starts Immediately,"₹ 3,00,000 - 6,00,000",0-3 years,Few hours ago
Remote Marketing Consultant,IIDE Education Private Limited,Work from home,Starts Immediately,"₹ 5,00,000 - 6,00,000",2-5 years,"Few hours ago


Be an early applicant"
Marketing Coordinator - Remote,IIDE Education Private Limited,Work from home,Starts Immediately,"₹ 3,00,000 - 5,00,000",1-3 years,"Few hours ago


Be an early applicant"
Content Marketing Specialist,IIDE Education Private Limited,Work from home,Starts Immediately,"₹ 4,00,000 - 5,00,000",1-5 years,"Few hours ago


Be an early applicant"
Video Editor - Remote,IIDE Education Private Limited,Work from home,Starts Immediately,"₹ 3,00,000 - 4,00,000",0-3 years,"Few hours ago


Be an early applicant"
Video Marketing Executive - Remote,IIDE Education Private Limited,Work from home,Starts Immediately,"₹ 5,00,000 - 7,00,000",2-5 years,"Few hours ago


Be an early applicant"
Business Development Associate,Nixio Tech,Work from home,Starts Immediately,"₹ 4,50,000 - 6,50,000",0-4 years,Few hours ago
E-commerce Marketing Specialist - Remote,IIDE Education Private Limited,Work from home,Starts Immediately,"₹ 4,00,000 - 6,00,000",0-5 years,"Few hours ago


Be an early applicant"
Copywriter - Remote,IIDE Education Private Limited,Work from home,Starts Immediately,"₹ 3,00,000 - 5,00,000",0-5 years,Few hours ago
Digital Marketing Executive,IIDE Education Private Limited,Work from home,Starts Immediately,"₹ 2,50,000 - 4,50,000",0-2 years,Few hours ago
Telesales Executive,NetPaisa,Noida,Starts Immediately,"₹ 2,00,000 - 3,00,000",0-2 years,1 week ago
Instagram Marketing Specialist - Remote,IIDE Education Private Limited,Work from home,Starts Immediately,"₹ 3,00,000 - 4,50,000",0 years,Few hours ago
Social Media Executive - Remote,IIDE Education Private Limited,Work from home,Starts Immediately,"₹ 3,00,000 - 5,00,000",0-4 years,"Few hours ago


Be an early applicant"
Social Media Marketing Associate - Remote,IIDE Education Private Limited,Work from home,Starts Immediately,"₹ 3,00,000 - 5,00,000",0-5 years,"Few hours ago


Be an early applicant"
Marketing Executive - Remote,IIDE Education Private Limited,Work from home,Starts Immediately,"₹ 3,00,000 - 5,00,000",0-5 years,"Few hours ago


Be an early applicant"
Team Lead - Telecalling,MAG Finserv,Pune,Starts Immediately,"₹ 2,00,000 - 2,40,000",1-2 years,"Today


Be an early applicant"
Internal Auditor,MAG Finserv,Pune,Starts Immediately,"₹ 3,00,000 - 3,50,000",0-3 years,"Today


Be an early applicant"
HR Manager,MAG Finserv,Pune,Starts Immediately,"₹ 5,00,000 - 6,00,000",4-5 years,"Today


Be an early applicant"
Event Executive - Exhibition,Peppermint Communications Private Limited,Thane,Starts Immediately,"₹ 2,00,000 - 2,40,000",0-3 years,"2 days ago


Be an early applicant"
Event Management Executive,Breakout,Koramangala,Starts Immediately,"₹ 2,40,000 - 3,00,000",0-1 years,"3 days ago


Be an early applicant"
Marketing Executive,Right Health & Pharmaceuticals,Mumbai,Starts Immediately,"₹ 3,00,000 - 8,00,000",1-5 years,"1 day ago


Be an early applicant"
CUSTOMER RELATIONSHIP MANAGER SALES,Stareye Media & Entertainment Private Limited,Ahmedabad,Starts Immediately,"₹ 2,00,000 - 3,00,000",0-5 years,"2 days ago


Be an early applicant"
Digital Marketing Executive,Vritti Solution Limited,Coimbatore,Starts Immediately,"₹ 2,00,000 - 2,50,000",1-3 years,"3 days ago


Be an early applicant"
Digital Marketing Executive,Mobavenue Media Private Limited,Mumbai,Starts Immediately,"₹ 2,50,000 - 3,50,000",0-2 years,4 days ago
Jr Video Editing And Production Specialist,Peppermint Communications Private Limited,Bhiwandi,Starts Immediately,"₹ 2,40,000 - 3,00,000",0-2 years,"1 day ago


Be an early applicant"
Executive Assistant,Peppermint Communications Private Limited,Ulhasnagar,Starts Immediately,"₹ 2,00,000 - 3,00,000",0-3 years,"2 days ago


Be an early applicant"
Manual Jewelry Designer,Axe Consultancy And Security Services LLC,Surat,Starts Immediately,"₹ 2,00,000",0-2 years,"2 days ago


Be an early applicant"
Associate Video Editor,K4 Media & Technologies,Jaipur,Starts Immediately,"₹ 2,00,000 - 3,00,000",0-5 years,"2 days ago


Be an early applicant"
Field Sales Executive,PatilKaki,Navi Mumbai,Starts Immediately,"₹ 2,00,000 - 2,50,000",1-2 years,"3 days ago


Be an early applicant"
Junior Sales Executive,Tring,Thane,Starts Immediately,"₹ 2,00,000 - 3,00,000",0-2 years,"1 day ago


Be an early applicant"
Digital Marketing Executive,Akrati Jewels Incorporation,Jaipur,Starts Immediately,"₹ 2,00,000 - 2,40,000",0-2 years,"2 days ago


Be an early applicant"
Associate - Operations (Accountancy),Lloyd Harrington Australia Proprietary Limited,Guwahati,Starts Immediately,"₹ 2,00,000 - 3,00,000",1-2 years,"2 days ago


Be an early applicant"
Marketing Executive,MAG Finserv,Pune,Starts Immediately,"₹ 2,40,000 - 3,00,000",1-3 years,"2 days ago


Be an early applicant"
Front Desk And Admin Executive,Shemrock & Shemford Group Of Schools,Gurgaon,Starts Immediately,"₹ 2,40,000 - 4,20,000",1-4 years,3 days ago
Graphic Designer & Video Editor,The BrowMasters,Mumbai,Starts Immediately,"₹ 4,00,000 - 6,00,000",1-5 years,4 days ago
Business Development Associate,VerveSchool,Bhopal,Starts Immediately,"₹ 6,00,000 - 8,00,000",0-1 years,4 days ago
Corporate Sales Executive,Red Cube Digital Media Private Limited,Delhi,Starts Immediately,"₹ 5,00,000",2 years,"5 days ago


Be an early applicant"
Business Development Executive,Fusion Beauty,Delhi,Starts Immediately,"₹ 2,40,000 - 5,00,000",1-5 years,"2 days ago


Be an early applicant"
Business Development Associate (Mumbai),IB Cricket,Thane,Starts Immediately,"₹ 3,00,000 - 5,00,000",0-2 years,"2 days ago


Be an early applicant"
Business Development Associate,Careers360,Gurgaon,Starts Immediately,"₹ 2,50,000 - 4,50,000",0-1 years,3 days ago
Field Fundraiser - Greenpeace NGO,Direct Dialogue Initiatives India Private Limited,Bangalore,Starts Immediately,"₹ 3,00,000 - 3,50,000",0-3 years,"3 days ago


Be an early applicant"
Field Sales Executive,Vritti Solution Limited,Kota,Starts Immediately,"₹ 2,00,000 - 2,40,000",0-1 years,"3 days ago


Be an early applicant"
Back Office Executive,Axe Consultancy And Security Services LLC,Surat,Starts Immediately,"₹ 2,00,000 - 2,00,001",0-2 years,"2 days ago


Be an early applicant"
Customer Service Executive,GetWork,Delhi,Starts Immediately,"₹ 2,00,000 - 2,40,000",0-2 years,2 days ago
Audit And Accounts Executive,MAG Finserv,Pune,Starts Immediately,"₹ 2,40,000 - 3,00,000",1-3 years,"2 days ago


Be an early applicant"
Associate Content Writer,K4 Media & Technologies,Jaipur,Starts Immediately,"₹ 2,00,000",0-5 years,"2 days ago


Be an early applicant"
Bolt Operator And Assitant,Bonanza Portfolio Limited,Kalyan,Starts Immediately,"₹ 2,00,000 - 2,50,000",1-5 years,"3 days ago


Be an early applicant"
Business Development Executive,Able Jobs,Bangalore,Starts Immediately,"₹ 3,00,000 - 4,00,000",0-4 years,"4 days ago


Be an early applicant"
Senior Associate - Trainings Content Development,Internshala Trainings,Gurgaon,Starts Immediately,"₹ 5,00,000 - 6,00,000",1-2 years,"1 day ago


Be an early applicant"
Business Development Executive,Xboom Utilities Private Limited,Delhi,Starts Immediately,"₹ 3,60,000 - 5,00,000",0-5 years,1 day ago
Business Development Manager,Fusion Beauty,Delhi,Starts Immediately,"₹ 3,00,000 - 6,00,000",1-5 years,"2 days ago


Be an early applicant"
Client Relationship Manager,Fusion Beauty,Delhi,Starts Immediately,"₹ 3,00,000 - 6,00,000",1-5 years,"2 days ago


Be an early applicant"
Associate - Operations (Accountancy),Lloyd Harrington Australia Proprietary Limited,Kolkata,Starts Immediately,"₹ 2,00,000 - 3,00,000",1-2 years,"2 days ago


Be an early applicant"
Field Fundraiser,Direct Dialogue Initiatives India Private Limited,Hyderabad,Starts Immediately,"₹ 3,00,000 - 3,50,000",0-3 years,2 days ago
Advocate,IRA Consulting,Thane,Starts Immediately,"₹ 3,00,000 - 4,00,000",1-2 years,"3 days ago


Be an early applicant"
Customer Service Associate,The Banyan Tee,Bhopal,Starts Immediately,"₹ 2,00,000",0-2 years,1 week ago
ERP Implementation Executive ( Location Mumbai Malad),Vritti Solution Limited,Mumbai,Starts Immediately,"₹ 2,00,000 - 2,10,000",0-1 years,"3 days ago


Be an early applicant"
Graphic Designer,Blue Rose Publishers,Delhi,Starts Immediately,"₹ 2,00,000 - 3,00,000",1-2 years,3 days ago
Associate Graphic Designer,FlytBase Labs,Pune,Starts Immediately,"₹ 4,00,000 - 8,00,000",1-5 years,3 days ago