user_id,user_name,location,preferred_start_date,expected_ctc,experience,skills,
1,John Doe,Mumbai,2024-09-01,"₹ 2,50,000 - 3,00,000",1-2 years,Python,Machine Learning
2,Jane Smith,Delhi,2024-10-15,"₹ 3,00,000 - 4,00,000",2-3 years,Data Analysis,SQL
3,Alice Johnson,Bangalore,2024-08-20,"₹ 4,00,000 - 5,00,000",3-4 years,Web Development,JavaScript
4,David Lee,Mumbai,2024-08-18,"₹ 3,00,000 - 5,00,000",2-4 years,Copywriting,Creative Writing
5,Priya Sharma,Pune," 2024-08-16","₹ 2,50,000 - 4,75,000",1-3 years,Corporate Sales,Sales Strategy
6,Rajesh Gupta,Work from home,2024-08-15,"₹ 3,50,000 - 4,00,000",0-2 years,Content Writing,SEO Content
7,Sana Mehta,Bangalore,2024-08-14,"₹ 4,10,000 - 4,20,000",2-3 years,Sales Executive,Customer Relationship Management
8,Vikram Singh,Delhi,2024-08-12,"₹ 4,50,000 - 5,50,000",3-5 years,Business Development,Client Acquisition
9,Nisha Patel,Gurgaon,2024-08-11,"₹ 6,00,000 - 7,00,000",4-5 years,Human Resources,Talent Acquisition
10,Amitabh Das,Chennai,2024-08-10,"₹ 2,00,000 - 3,00,000",1-2 years,Telecalling,Customer Support
11,Kavya Rao,Noida,2024-08-08,"₹ 3,00,000 - 4,00,000",2-3 years,Graphic Design,Visual Communication
12,Arjun Malik,Hyderabad,2024-08-06,"₹ 2,50,000 - 3,50,000",1-3 years,Interior Design,Space Planning
13,Sneha Kapoor,Kolkata,2024-08-04,"₹ 4,00,000 - 7,00,000",3-4 years,Sales Management,Field Sales
14,Meera Jain,Work from home,2024-08-03,"₹ 2,88,000 - 3,24,000",0-2 years,Sport Leadership,Team Management
15,Ankit Yadav,Jaipur,2024-08-02,"₹ 3,00,000 - 5,00,000",2-3 years,Recruitment,Candidate Screening
16,Neha Verma,Mumbai,2024-08-01,"₹ 3,50,000 - 4,50,000",2-4 years,Customer Success,Client Relations
17,Rohan Khanna,Bangalore,2024-07-30,"₹ 5,00,000 - 7,00,000",3-5 years,Product Management,Product Development
18,Pooja Nair,Pune,2024-07-28,"₹ 2,75,000",1-3 years,Human Resources,Employee Engagement
19,Ajay Kumar,Delhi,2024-07-26,"₹ 3,00,000 - 5,00,000",2-4 years,Business Analysis,Market Research
20,Ritika Singh,Mumbai,2024-07-25,"₹ 2,00,000 - 3,00,000",0-2 years,Accounting,Financial Reporting
21,Siddharth Rao,Noida,2024-07-24,"₹ 4,00,000 - 5,00,000",2-4 years,Inside Sales,Sales Coordination
22,Ayesha Ali,Gurgaon,2024-07-22,"₹ 3,50,000 - 6,50,000",2-5 years,Business Counseling,Client Management
23,Mohit Sharma,Chennai,2024-07-20,"₹ 4,00,000 - 5,00,000",2-4 years,Operations Management,Process Improvement
24,Sonali Bose,Bangalore,2024-07-18,"₹ 2,00,000 - 3,80,000",0-2 years,Interior Design,Space Utilization
25,Gaurav Singh,Mumbai,2024-07-16,"₹ 3,00,000 - 4,50,000",1-3 years,Talent Acquisition,Recruitment Strategies
26,Vishal Patel,Delhi,2024-07-14,"₹ 2,50,000 - 4,00,000",0-2 years,Academic Counseling,Student Guidance
27,Divya Reddy,Hyderabad,2024-07-12,"₹ 5,00,000 - 8,00,000",3-5 years,Business Development,Sales Strategy
28,Karan Kapoor,Pune,2024-07-10,"₹ 2,00,000 - 3,00,000",0-2 years,Sales Coordination,Field Support
29,Reena Mehta,Work from home,2024-07-08,"₹ 3,60,000 - 4,00,000",1-3 years,Logistics Management," Supply Chain Coordination"
30,Tarun Sharma,Gurgaon,2024-07-06,"₹ 4,00,000 - 5,50,000",2-4 years,Customer Success,Client Onboarding
31,Jane Smith,Delhi,2024-09-05,"₹ 3,00,000 - 4,00,000",3-4 years,Java,Spring Boot
32,Mohammed Ali,Bangalore,2024-08-25,"₹ 4,00,000 - 5,00,000",5-6 years,C++,Embedded Systems
33,Emily Davis,Chennai,2024-09-10,"₹ 2,00,000 - 2,50,000",0-1 years,JavaScript,React
34,Ankit Singh,Kolkata,2024-09-15,"₹ 3,50,000 - 4,50,000",2-3 years,PHP,Laravel
35,Sunita Reddy,Hyderabad,2024-08-30,"₹ 4,50,000 - 5,50,000",4-5 years,Python,Django
36,Rajesh Kumar,Pune,2024-09-20,"₹ 2,75,000 - 3,75,000",1-2 years,R,Data Science
37,Jessica Wong,Jaipur,2024-09-25,"₹ 3,00,000 - 3,50,000",3-4 years,Node.js,Express.js
38,Ravi Patel,Ahmedabad,2024-08-28,"₹ 4,00,000 - 4,50,000",5-6 years,C#,ASP.NET
39,Sophia Li,Gurgaon,2024-09-01,"₹ 2,50,000 - 3,50,000",2-3 years,Ruby on Rails,Web Development
40,Arjun Desai,Surat,2024-09-10,"₹ 3,50,000 - 4,00,000",3-4 years,Kotlin,Android Development
41,Laura Brown,Surat,2024-08-31,"₹ 2,00,000 - 3,00,000",1-2 years,Go,Backend Development
42,Ajay Mishra,Pune,2024-09-05,"₹ 3,75,000 - 4,75,000",4-5 years,Swift,iOS Development
43,Neha Verma,Delhi,2024-09-15,"₹ 2,50,000 - 3,50,000",2-3 years,Scala,Big Data
44,Yusuf Khan,Delhi,2024-08-25,"₹ 3,00,000 - 4,00,000",3-4 years,Perl,Scripting
45,Claire Jones,Work from home,2024-09-20,"₹ 4,50,000 - 5,50,000",5-6 years,JavaScript,Vue.js
46,Vikram Mehta,Indore,2024-09-25,"₹ 2,75,000 - 3,75,000",2-3 years,Rust,System Programming
47,Alisha Fernandez,Bhopal,2024-08-28,"₹ 3,00,000 - 4,00,000",3-4 years,Python,Data Analytics
48,Manish Gupta,Work from home,2024-09-01,"₹ 2,50,000 - 3,50,000",1-2 years,Java,Microservices
49,Lily Chen,Work from home,2024-09-10,"₹ 3,50,000 - 4,50,000",4-5 years,JavaScript,Angular
50,Aman Kumar,Coimbatore,2024-08-31,"₹ 2,00,000 - 2,50,000",0-1 years,Python,Web Scraping
51,Emma Watson,Chennai,2024-09-01,"₹ 2,00,000 - 2,16,000",0-2 years,Music Tracker,
52,Liam Smith,Bangalore,2024-09-05,"₹ 2,20,000 - 4,20,000",0-2 years,Business Development Executive,
53,Olivia Johnson,Gurgaon,2024-08-25,"₹ 2,00,000 - 4,00,000",0-2 years,HR Analyst,
54,Noah Davis,Gurgaon,2024-09-10,"₹ 3,00,000 - 7,00,000",0-5 years,Business Development Associate,
55,Ava Brown,Work from home,2024-09-15,"₹ 2,50,000 - 3,50,000",0-2 years,US Olympics Junior Writer,
56,James Miller,Gurgaon,2024-08-30,"₹ 2,00,000 - 2,80,000",0-2 years,Non IT Recruiter,
57,Isabella Wilson,Jaipur,2024-09-20,"₹ 2,20,000 - 3,00,000",0-2 years,Corporate Sales Executive,
58,Michael Moore,Gurgaon,2024-09-25,"₹ 5,00,000 - 7,00,000",0-5 years,Business Development Associate,
59,Charlotte Taylor,Gurgaon,2024-08-28,"₹ 9,00,000 - 10,00,000",0-5 years,Assistant Manager Sales,
60,William Anderson,Jaipur,2024-09-01,"₹ 2,00,000 - 2,50,000",0-2 years,Audit Associate,
61,Amelia Thomas,Ahmedabad,2024-09-05,"₹ 5,00,000 - 7,00,000",0-2 years,Apprentice - HR,
62,Ethan Jackson,Delhi,2024-09-10,"₹ 3,00,000 - 3,60,000",0-2 years,Corporate Sales Executive,
63,Sophia White,Mumbai,2024-09-15,"₹ 2,00,000 - 2,70,000",0-2 years,Business Development Executive,
64,Jackson Harris,Mira Bhayandar,2024-08-25,"₹ 3,00,000 - 4,50,000",0-2 years,Recruiter,
65,Harper Clark,Gurgaon,2024-09-20,"₹ 2,50,000 - 4,00,000",0-2 years,Field Sales Associate,
66,Lucas Lewis,Mohali,2024-09-25,"₹ 4,00,000 - 4,50,000",0-2 years,Content Marketing Executive,
67,Elijah Lee,Gurgaon,2024-08-28,"₹ 3,00,000 - 7,00,000",0-5 years,Business Development Manager,
68,Chloe Walker,Delhi,2024-09-01,"₹ 2,00,000 - 2,80,000",0-2 years,Trainee - SCM,
69,Benjamin Hall,Delhi,2024-09-05,"₹ 3,00,000 - 4,50,000",0-2 years,Admission Support Officer,
70,Emily Allen,Gurgaon,2024-09-10,"₹ 3,00,000 - 7,00,000",0-5 years,Business Development (Sales) Executive,
71,Daniel Young,Mumbai,2024-09-15,"₹ 2,00,000 - 2,10,000",0-2 years,Customer Support Associate,
72,Grace Scott,Bangalore,2024-08-30,"₹ 2,00,000 - 3,00,000",0-2 years,Business Development Associate,
73,Michael Adams,Ahmedabad,2024-09-20,"₹ 2,50,000 - 3,50,000",0-2 years,UK Healthcare Recruiter,
74,Avery Nelson,Work from home,2024-09-25,"₹ 2,00,000 - 3,00,000",0-2 years,Creative Designer,
75,Elena Carter,Gujarat,2024-08-28,"₹ 2,10,000 - 2,70,000",0-2 years,Business Development Executive,
76,Oliver Mitchell,Kolkata,2024-09-01,"₹ 3,00,000 - 3,36,000",0-2 years,Business Development Executive,
77,Isabella Rodriguez,Work from home,2024-09-05,"₹ 5,00,000 - 12,00,000",0-5 years,Business Development Associate,
78,James Lewis,Work from home,2024-09-10,"₹ 4,80,000 - 6,00,000",0-5 years,Business Development Executive,
79,Mia Turner,Mumbai,2024-09-15,"₹ 3,00,000 - 3,36,000",0-2 years,Business Development Manager,
80,Alexander Walker,Mumbai,2024-08-25,"₹ 3,00,000 - 4,00,000",0-2 years,Billing & Collections Analyst (Accountant),
81,Charlotte Hall,Gurgaon,2024-09-20,"₹ 3,00,000 - 7,00,000",0-5 years,Business Development Specialist,
82,Matthew Young,Mumbai,2024-09-25,"₹ 2,00,000 - 2,16,000",0-2 years,Animator,
83,Aubrey King,Mumbai,2024-08-28,"₹ 2,00,000 - 2,40,000",0-2 years,Facebook Marketing Executive,
84,Henry Wright,Kolkata,2024-09-01,"₹ 2,00,000 - 3,00,000",0-2 years,Team Leader,
85,Addison Harris,Bangalore,2024-09-05,"₹ 2,50,000 - 4,80,000",0-2 years,Business Development Executive,
86,Liam Thompson,Work from home,2024-09-10,"₹ 2,00,000 - 2,40,000",0-2 years,SME: Physics,
87,Sophia Martinez,Work from home,2024-09-15,"₹ 3,50,000 - 5,00,000",0-2 years,SME: Statistics,
88,Noah Robinson,Work from home,2024-08-25,"₹ 2,50,000 - 4,80,000",0-2 years,SME: Mathematics,
89,Olivia Clark,Work from home,2024-09-20,"₹ 2,50,000 - 3,50,000",0-2 years,SME: Chemistry,
90,Ethan Lewis,Mumbai,2024-09-25,"₹ 2,50,000 - 3,50,000",1-3 years,Senior Social Media Marketing Manager,
91,Emma Harris,Hyderabad,2024-08-28,"₹ 3,50,000 - 5,00,000",1-3 years,Graphic Designer,
92,Lucas Walker,Noida,2024-09-01,"₹ 2,50,000 - 5,00,000",0-2 years,Academic Counselor - Inside Sales,
93,Aiden White,Delhi,2024-09-05,"₹ 3,00,000 - 4,50,000",0-2 years,Admission Support Officer,
94,Harper Adams,Chennai,2024-09-10,"₹ 2,00,000 - 2,80,000",0-2 years,Trainee - SCM,
95,Chloe Lee,Mumbai,2024-09-15,"₹ 2,00,000 - 2,70,000",0-2 years,Business Development Executive,
96,Daniel Wilson,Delhi,2024-08-25,"₹ 2,00,000 - 3,00,000",0-2 years,Business Development Associate,
97,Grace Robinson,Work from home,2024-09-20,"₹ 5,00,000 - 12,00,000",0-5 years,Business Development Associate,
98,James Clark,Ahmedabad,2024-09-25,"₹ 2,50,000 - 3,50,000",0-2 years,UK Healthcare Recruiter,
99,Liam Young,Hyderabad,2024-08-28,"₹ 2,00,000 - 3,00,000",0-2 years,Creative Designer,
100,Emma Martinez,Work from home,2024-09-01,"₹ 2,00,000 - 2,40,000",0-2 years,Facebook Marketing Executive,
101,Arjun Patel,Hyderabad,2024-09-02,"₹ 2,20,000 - 3,00,000",0-1 years,Java,Software Engineer
102,Riya Sharma,Delhi,2024-09-05,"₹ 2,00,000 - 2,50,000",0-1 years,Python,Data Analyst
103,Vihaan Singh,Mumbai,2024-09-08,"₹ 2,50,000 - 3,00,000",0-1 years,JavaScript,Frontend Developer
104,Kiara Mehta,Bangalore,2024-09-10,"₹ 2,00,000 - 2,50,000",0-1 years,SQL,Database Administrator
105,Rehan Khan,Chennai,2024-09-12,"₹ 2,20,000 - 2,80,000",0-1 years,Python,Machine Learning Engineer
106,Sana Gupta,Delhi,2024-09-15,"₹ 2,00,000 - 2,50,000",0-1 years,R,Data Scientist
107,Kartika Verma,Hyderabad,2024-09-17,"₹ 2,50,000 - 3,00,000",0-1 years,Java,Backend Developer
108,Aditya Nair,Mumbai,2024-09-20,"₹ 2,00,000 - 2,50,000",0-1 years,C++,Software Engineer
109,Ananya Reddy,Bangalore,2024-09-22,"₹ 2,20,000 - 2,80,000",0-1 years,Python,Data Scientist
110,Arnav Sinha,Delhi,2024-09-25,"₹ 2,50,000 - 3,00,000",0-1 years,JavaScript,Web Developer
111,Meera Patel,Chennai,2024-09-27,"₹ 2,00,000 - 2,50,000",0-1 years,R,Data Analyst
112,Manav Singh,Hyderabad,2024-09-29,"₹ 2,20,000 - 2,80,000",0-1 years,Python,Software Engineer
113,Ananya Desai,Mumbai,2024-10-01,"₹ 2,50,000 - 3,00,000",0-1 years,Java,Backend Developer
114,Ashwin Gupta,Delhi,2024-10-03,"₹ 2,00,000 - 2,50,000",0-1 years,SQL,Database Administrator
115,Chaitanya Kumar,Bangalore,2024-10-05,"₹ 2,20,000 - 2,80,000",0-1 years,Python,Machine Learning Engineer
116,Divya Sharma,Hyderabad,2024-10-07,"₹ 2,50,000 - 3,00,000",0-1 years,JavaScript,Frontend Developer
117,Aarav Patel,Chennai,2024-10-10,"₹ 2,00,000 - 2,50,000",0-1 years,C++,Software Engineer
118,Isha Reddy,Delhi,2024-10-12,"₹ 2,20,000 - 2,80,000",0-1 years,Python,Data Analyst
119,Nikhil Singh,Mumbai,2024-10-15,"₹ 2,50,000 - 3,00,000",0-1 years,Java,Software Engineer
120,Akanksha Mehta,Bangalore,2024-10-17,"₹ 2,00,000 - 2,50,000",0-1 years,R,Data Scientist
121,Kabir Khan,Hyderabad,2024-10-20,"₹ 2,20,000 - 2,80,000",0-1 years,Python,Machine Learning Engineer
122,Prisha Desai,Delhi,2024-10-22,"₹ 2,50,000 - 3,00,000",0-1 years,JavaScript,Web Developer
123,Vihan Nair,Mumbai,2024-10-25,"₹ 2,00,000 - 2,50,000",0-1 years,C++,Backend Developer
124,Nisha Verma,Bangalore,2024-10-27,"₹ 2,20,000 - 2,80,000",0-1 years,Python,Software Engineer
125,Aditya Patel,Chennai,2024-10-29,"₹ 2,50,000 - 3,00,000",0-1 years,Java,Backend Developer
126,Reena Sharma,Delhi,2024-11-01,"₹ 2,00,000 - 2,50,000",0-1 years,SQL,Database Administrator
127,Vihaan Gupta,Hyderabad,2024-11-03,"₹ 2,20,000 - 2,80,000",0-1 years,Python,Data Scientist
128,Kiara Reddy,Mumbai,2024-11-05,"₹ 2,50,000 - 3,00,000",0-1 years,JavaScript,Frontend Developer
129,Arjun Kumar,Bangalore,2024-11-08,"₹ 2,00,000 - 2,50,000",0-1 years,Python,Software Engineer
130,Divya Mehta,Delhi,2024-11-10,"₹ 2,20,000 - 2,80,000",0-1 years,Java,Backend Developer
131,Manav Desai,Hyderabad,2024-11-12,"₹ 2,50,000 - 3,00,000",0-1 years,C++,Software Engineer
132,Ashwin Singh,Mumbai,2024-11-15,"₹ 2,00,000 - 2,50,000",0-1 years,Python,Data Analyst
133,Ananya Gupta,Bangalore,2024-11-17,"₹ 2,20,000 - 2,80,000",0-1 years,JavaScript,Web Developer
134,Rehan Reddy,Delhi,2024-11-20,"₹ 2,50,000 - 3,00,000",0-1 years,R,Data Scientist
135,Arnav Patel,Hyderabad,2024-11-22,"₹ 2,00,000 - 2,50,000",0-1 years,Python,Machine Learning Engineer
136,Aarav Sharma,Mumbai,2024-11-25,"₹ 2,20,000 - 2,80,000",0-1 years,Java,Backend Developer
137,Kiara Desai,Bangalore,2024-11-27,"₹ 2,50,000 - 3,00,000",0-1 years,C++,Software Engineer
138,Chaitanya Kumar,Delhi,2024-11-30,"₹ 2,00,000 - 2,50,000",0-1 years,Python,Software Engineer
139,Akanksha Verma,Hyderabad,2024-12-02,"₹ 2,20,000 - 2,80,000",0-1 years,JavaScript,Frontend Developer
140,Reena Gupta,Mumbai,2024-12-05,"₹ 2,50,000 - 3,00,000",0-1 years,Python,Data Scientist
141,Aditya Desai,Bangalore,2024-12-08,"₹ 2,00,000 - 2,50,000",0-1 years,Java,Backend Developer
142,Prisha Sharma,Delhi,2024-12-10,"₹ 2,20,000 - 2,80,000",0-1 years,Python,Machine Learning Engineer
143,Nikhil Patel,Hyderabad,2024-12-12,"₹ 2,50,000 - 3,00,000",0-1 years,JavaScript,Web Developer
144,Vihan Singh,Mumbai,2024-12-15,"₹ 2,00,000 - 2,50,000",0-1 years,C++,Software Engineer
145,Manav Patel,Bangalore,2024-12-17,"₹ 2,20,000 - 2,80,000",0-1 years,Python,Data Analyst
146,Reena Reddy,Delhi,2024-12-20,"₹ 2,50,000 - 3,00,000",0-1 years,Java,Software Engineer
147,Arjun Sharma,Hyderabad,2024-12-22,"₹ 2,00,000 - 2,50,000",0-1 years,Python,Machine Learning Engineer
148,Ashwin Kumar,Mumbai,2024-12-25,"₹ 2,20,000 - 2,80,000",0-1 years,JavaScript,Frontend Developer
149,Kiara Sharma,Bangalore,2024-12-28,"₹ 2,50,000 - 3,00,000",0-1 years,Java,Backend Developer
150,Vihaan Patel,Delhi,2024-12-30,"₹ 2,00,000 - 2,50,000",0-1 years,C++,Software Engineer
151,Rehan Sharma,Hyderabad,2024-01-02,"₹ 2,20,000 - 2,80,000",0-1 years,Python,Data Scientist
152,Akanksha Kumar,Mumbai,2024-01-05,"₹ 2,50,000 - 3,00,000",0-1 years,JavaScript,Web Developer
153,Divya Patel,Bangalore,2024-01-08,"₹ 2,00,000 - 2,50,000",0-1 years,Python,Software Engineer
154,Manav Reddy,Delhi,2024-01-10,"₹ 2,20,000 - 2,80,000",0-1 years,Java,Backend Developer
155,Aarav Sharma,Hyderabad,2024-01-12,"₹ 2,50,000 - 3,00,000",0-1 years,C++,Software Engineer
156,Ananya Patel,Mumbai,2024-01-15,"₹ 2,00,000 - 2,50,000",0-1 years,Python,Data Analyst
157,Reena Sharma,Bangalore,2024-01-18,"₹ 2,20,000 - 2,80,000",0-1 years,JavaScript,Web Developer
158,Kiara Desai,Delhi,2024-01-20,"₹ 2,50,000 - 3,00,000",0-1 years,Java,Software Engineer
159,Akanksha Gupta,Hyderabad,2024-01-22,"₹ 2,00,000 - 2,50,000",0-1 years,Python,Machine Learning Engineer
160,Arjun Patel,Mumbai,2024-01-25,"₹ 2,20,000 - 2,80,000",0-1 years,JavaScript,Frontend Developer
161,Ashwin Reddy,Bangalore,2024-01-28,"₹ 2,50,000 - 3,00,000",0-1 years,Java,Backend Developer
162,Chaitanya Singh,Delhi,2024-01-30,"₹ 2,00,000 - 2,50,000",0-1 years,C++,Software Engineer
163,Nikhil Sharma,Hyderabad,2024-02-02,"₹ 2,20,000 - 2,80,000",0-1 years,Python,Data Analyst
164,Rehan Patel,Mumbai,2024-02-05,"₹ 2,50,000 - 3,00,000",0-1 years,Java,Software Engineer
165,Prisha Kumar,Bangalore,2024-02-08,"₹ 2,00,000 - 2,50,000",0-1 years,Python,Machine Learning Engineer
166,Vihaan Reddy,Delhi,2024-02-10,"₹ 2,20,000 - 2,80,000",0-1 years,JavaScript,Frontend Developer
167,Akanksha Sharma,Hyderabad,2024-02-12,"₹ 2,50,000 - 3,00,000",0-1 years,C++,Software Engineer
168,Divya Desai,Mumbai,2024-02-15,"₹ 2,00,000 - 2,50,000",0-1 years,Python,Data Scientist
169,Arjun Reddy,Bangalore,2024-02-18,"₹ 2,20,000 - 2,80,000",0-1 years,Java,Backend Developer
170,Ashwin Singh,Delhi,2024-02-20,"₹ 2,50,000 - 3,00,000",0-1 years,JavaScript,Web Developer
171,Kiara Kumar,Hyderabad,2024-02-22,"₹ 2,00,000 - 2,50,000",0-1 years,Python,Software Engineer
172,Reena Patel,Mumbai,2024-02-25,"₹ 2,20,000 - 2,80,000",0-1 years,Java,Backend Developer
173,Manav Sharma,Bangalore,2024-02-28,"₹ 2,50,000 - 3,00,000",0-1 years,JavaScript,Frontend Developer
174,Chaitanya Patel,Delhi,2024-03-01,"₹ 2,00,000 - 2,50,000",0-1 years,Python,Machine Learning Engineer
175,Ananya Sharma,Hyderabad,2024-03-05,"₹ 2,20,000 - 2,80,000",0-1 years,Java,Backend Developer
176,Ashwin Patel,Mumbai,2024-03-08,"₹ 2,50,000 - 3,00,000",0-1 years,JavaScript,Web Developer
177,Rehan Sharma,Bangalore,2024-03-10,"₹ 2,00,000 - 2,50,000",0-1 years,C++,Software Engineer
178,Akanksha Desai,Delhi,2024-03-12,"₹ 2,20,000 - 2,80,000",0-1 years,Python,Data Analyst
179,Arjun Sharma,Hyderabad,2024-03-15,"₹ 2,50,000 - 3,00,000",0-1 years,Java,Software Engineer
180,Kiara Patel,Mumbai,2024-03-17,"₹ 2,00,000 - 2,50,000",0-1 years,JavaScript,Frontend Developer
181,Divya Kumar,Bangalore,2024-03-20,"₹ 2,20,000 - 2,80,000",0-1 years,Python,Machine Learning Engineer
182,Reena Sharma,Delhi,2024-03-22,"₹ 2,50,000 - 3,00,000",0-1 years,Java,Backend Developer
183,Manav Patel,Hyderabad,2024-03-25,"₹ 2,00,000 - 2,50,000",0-1 years,C++,Software Engineer
184,Chaitanya Sharma,Mumbai,2024-03-27,"₹ 2,20,000 - 2,80,000",0-1 years,JavaScript,Web Developer
185,Nikhil Patel,Bangalore,2024-03-30,"₹ 2,50,000 - 3,00,000",0-1 years,Python,Data Scientist
186,Ashwin Kumar,Delhi,2024-04-02,"₹ 2,00,000 - 2,50,000",0-1 years,Java,Software Engineer
187,Kiara Sharma,Hyderabad,2024-04-05,"₹ 2,20,000 - 2,80,000",0-1 years,Python,Machine Learning Engineer
188,Vihaan Kumar,Mumbai,2024-04-08,"₹ 2,50,000 - 3,00,000",0-1 years,JavaScript,Frontend Developer
189,Akanksha Patel,Bangalore,2024-04-10,"₹ 2,00,000 - 2,50,000",0-1 years,C++,Software Engineer
190,Arjun Kumar,Delhi,2024-04-12,"₹ 2,20,000 - 2,80,000",0-1 years,Python,Data Analyst
191,Reena Patel,Hyderabad,2024-04-15,"₹ 2,50,000 - 3,00,000",0-1 years,Java,Backend Developer
192,Chaitanya Reddy,Mumbai,2024-04-18,"₹ 2,00,000 - 2,50,000",0-1 years,JavaScript,Web Developer
193,Ananya Sharma,Bangalore,2024-04-20,"₹ 2,20,000 - 2,80,000",0-1 years,Python,Machine Learning Engineer
194,Ashwin Reddy,Delhi,2024-04-22,"₹ 2,50,000 - 3,00,000",0-1 years,Java,Software Engineer
195,Kiara Kumar,Hyderabad,2024-04-25,"₹ 2,00,000 - 2,50,000",0-1 years,C++,Software Engineer
196,Manav Sharma,Mumbai,2024-04-28,"₹ 2,20,000 - 2,80,000",0-1 years,JavaScript,Frontend Developer
197,Reena Sharma,Bangalore,2024-05-01,"₹ 2,50,000 - 3,00,000",0-1 years,Python,Data Scientist
198,Chaitanya Patel,Delhi,2024-05-03,"₹ 2,00,000 - 2,50,000",0-1 years,Java,Backend Developer
199,Vihaan Kumar,Hyderabad,2024-05-06,"₹ 2,20,000 - 2,80,000",0-1 years,Python,Machine Learning Engineer
200,Akanksha Patel,Mumbai,2024-05-08,"₹ 2,50,000 - 3,00,000",0-1 years,JavaScript,Frontend Developer
201,Aarav Patel,Delhi,2024-09-01,"₹ 2,50,000 - 3,00,000",1-2 years,Customer Service,Communication
202,Meera Sharma,Gurgaon,2024-09-15,"₹ 3,00,000 - 4,00,000",2-3 years,Social Media Marketing,Content Creation
203,Rajesh Kumar,Mumbai,2024-10-01,"₹ 3,00,000 - 4,00,000",0-2 years,Management,Leadership
204,Anjali Verma,Bangalore,2024-10-15,"₹ 3,50,000 - 4,50,000",0-2 years,Administration,Project Management
205,Neha Singh,Gurgaon,2024-11-01,"₹ 2,00,000 - 3,00,000",0-2 years,Digital Marketing,SEO
206,Vikram Joshi,Mumbai,2024-11-15,"₹ 4,00,000 - 5,00,000",2-3 years,Business Development,Sales
207,Pooja Reddy,Bangalore,2024-12-01,"₹ 3,00,000 - 3,50,000",0-2 years,Customer Service,Problem Solving
208,Arjun Mehta,Noida,2024-12-15,"₹ 3,50,000 - 5,00,000",0-5 years,Marketing,Social Media
209,Divya Kapoor,Delhi,2025-01-01,"₹ 2,40,000 - 2,88,000",0-2 years,Customer Service,Communication
210,Manish Gupta,Mumbai,2025-01-15,"₹ 3,00,000 - 4,00,000",0-2 years,Management,Leadership
211,Anita Desai,Delhi,2024-09-01,"₹ 2,50,000 - 3,00,000",1-2 years,Customer Service,Communication
212,Rohan Singh,Gurgaon,2024-09-15,"₹ 3,00,000 - 4,00,000",2-3 years,Social Media Marketing,Content Creation
213,Sunita Rao,Mumbai,2024-10-01,"₹ 3,00,000 - 4,00,000",0-2 years,Management,Leadership
214,Deepak Mehta,Bangalore,2024-10-15,"₹ 3,50,000 - 4,50,000",0-2 years,Administration,Project Management
215,Swati Sharma,Gurgaon,2024-11-01,"₹ 2,00,000 - 3,00,000",0-2 years,Digital Marketing,SEO
216,Ajay Kumar,Mumbai,2024-11-15,"₹ 4,00,000 - 5,00,000",2-3 years,Business Development,Sales
217,Rekha Nair,Bangalore,2024-12-01,"₹ 3,00,000 - 3,50,000",0-2 years,Customer Service,Problem Solving
218,Arvind Patel,Noida,2024-12-15,"₹ 3,50,000 - 5,00,000",0-5 years,Marketing,Social Media
219,Shweta Kapoor,Delhi,2025-01-01,"₹ 2,40,000 - 2,88,000",0-2 years,Customer Service,Communication
220,Vivek Gupta,Mumbai,2025-01-15,"₹ 3,00,000 - 4,00,000",0-2 years,Management,Leadership
221,Neeraj Sharma,Delhi,2024-09-01,"₹ 2,50,000 - 3,00,000",1-2 years,Customer Service,Communication
222,Megha Jain,Gurgaon,2024-09-15,"₹ 3,00,000 - 4,00,000",2-3 years,Social Media Marketing,Content Creation
223,Prakash Kumar,Mumbai,2024-10-01,"₹ 3,00,000 - 4,00,000",0-2 years,Management,Leadership
224,Ankita Verma,Bangalore,2024-10-15,"₹ 3,50,000 - 4,50,000",0-2 years,Administration,Project Management
225,Neha Gupta,Gurgaon,2024-11-01,"₹ 2,00,000 - 3,00,000",0-2 years,Digital Marketing,SEO
226,Vikash Joshi,Mumbai,2024-11-15,"₹ 4,00,000 - 5,00,000",2-3 years,Business Development,Sales
227,Priya Reddy,Bangalore,2024-12-01,"₹ 3,00,000 - 3,50,000",0-2 years,Customer Service,Problem Solving
228,Arjun Singh,Noida,2024-12-15,"₹ 3,50,000 - 5,00,000",0-5 years,Marketing,Social Media
229,Divya Mehta,Delhi,2025-01-01,"₹ 2,40,000 - 2,88,000",0-2 years,Customer Service,Communication
230,Manoj Gupta,Mumbai,2025-01-15,"₹ 3,00,000 - 4,00,000",0-2 years,Management,Leadership
231,Anjali Desai,Delhi,2024-09-01,"₹ 2,50,000 - 3,00,000",1-2 years,Customer Service,Communication
232,Rajesh Singh,Gurgaon,2024-09-15,"₹ 3,00,000 - 4,00,000",2-3 years,Social Media Marketing,Content Creation
233,Sunil Rao,Mumbai,2024-10-01,"₹ 3,00,000 - 4,00,000",0-2 years,Management,Leadership
234,Deepa Mehta,Bangalore,2024-10-15,"₹ 3,50,000 - 4,50,000",0-2 years,Administration,Project Management
235,Sweta Sharma,Gurgaon,2024-11-01,"₹ 2,00,000 - 3,00,000",0-2 years,Digital Marketing,SEO
236,Ajit Kumar,Mumbai,2024-11-15,"₹ 4,00,000 - 5,00,000",2-3 years,Business Development,Sales
237,Reena Nair,Bangalore,2024-12-01,"₹ 3,00,000 - 3,50,000",0-2 years,Customer Service,Problem Solving
238,Arun Patel,Noida,2024-12-15,"₹ 3,50,000 - 5,00,000",0-5 years,Marketing,Social Media
239,Shivani Kapoor,Delhi,2025-01-01,"₹ 2,40,000 - 2,88,000",0-2 years,Customer Service,Communication
240,Vikas Gupta,Mumbai,2025-01-15,"₹ 3,00,000 - 4,00,000",0-2 years,Management,Leadership
241,Neha Sharma,Delhi,2024-09-01,"₹ 2,50,000 - 3,00,000",1-2 years,Customer Service,Communication
242,Mehul Jain,Gurgaon,2024-09-15,"₹ 3,00,000 - 4,00,000",2-3 years,Social Media Marketing,Content Creation
243,Pranav Kumar,Mumbai,2024-10-01,"₹ 3,00,000 - 4,00,000",0-2 years,Management,Leadership
244,Ankita Verma,Bangalore,2024-10-15,"₹ 3,50,000 - 4,50,000",0-2 years,Administration,Project Management
245,Neha Gupta,Gurgaon,2024-11-01,"₹ 2,00,000 - 3,00,000",0-2 years,Digital Marketing,SEO
246,Vikash Joshi,Mumbai,2024-11-15,"₹ 4,00,000 - 5,00,000",2-3 years,Business Development,Sales
247,Priya Reddy,Bangalore,2024-12-01,"₹ 3,00,000 - 3,50,000",0-2 years,Customer Service,Problem Solving
248,Arjun Singh,Noida,2024-12-15,"₹ 3,50,000 - 5,00,000",0-5 years,Marketing,Social Media
249,Divya Mehta,Delhi,2025-01-01,"₹ 2,40,000 - 2,88,000",0-2 years,Customer Service,Communication
250,Manoj Gupta,Mumbai,2025-01-15,"₹ 3,00,000 - 4,00,000",0-2 years,Management,Leadership
